municipio,confirmados,mortes
TOTAL NO ESTADO,204096,3895
Importados/Indefinidos,0,0
Água Clara,873,7
Alcinópolis,89,2
Amambai,1891,35
Anastácio,1527,46
Anaurilândia,226,7
Angélica,487,9
Antônio João,231,4
Aparecida do Taboado,1768,25
Aquidauana,3594,94
Aral Moreira,321,8
Bandeirantes,390,7
Bataguassu,1784,17
Batayporã,543,11
Bela Vista,473,12
Bodoquena,150,3
Bonito,1699,24
Brasilândia,343,7
Caarapó,2282,19
Camapuã,453,12
Campo Grande,82070,1706
Caracol,274,5
Cassilândia,1858,48
Chapadão do Sul,2613,27
Corguinho,161,2
Coronel Sapucaia,615,12
Corumbá,10638,289
Costa Rica,1566,29
Coxim,1837,40
Deodápolis,662,8
Dois Irmãos do Buriti,799,14
Douradina,343,4
Dourados,22904,304
Eldorado,766,11
Fátima do Sul,1517,34
Figueirão,79,3
Glória de Dourados,563,11
Guia Lopes da Laguna,525,13
Iguatemi,706,10
Inocência,447,7
Itaporã,1281,20
Itaquiraí,943,15
Ivinhema,1739,25
Japorã,95,3
Jaraguari,146,2
Jardim,762,33
Jateí,293,1
Juti,526,5
Ladário,1893,45
Laguna Carapã,259,2
Maracaju,3216,41
Miranda,1830,56
Mundo Novo,1295,13
Naviraí,5139,112
Nioaque,671,13
Nova Alvorada do Sul,1173,14
Nova Andradina,1696,35
Novo Horizonte do Sul,236,3
Paraíso das Águas,227,5
Paranaíba,2003,46
Paranhos,362,5
Pedro Gomes,370,5
Ponta Porã,5004,110
Porto Murtinho,615,19
Ribas do Rio Pardo,792,12
Rio Brilhante,2473,33
Rio Negro,289,7
Rio Verde de Mato Grosso,1012,33
Rochedo,279,5
Santa Rita do Pardo,248,1
São Gabriel do Oeste,2069,33
Selvíria,196,2
Sete Quedas,374,7
Sidrolândia,3608,56
Sonora,877,10
Tacuru,595,5
Taquarussu,167,2
Terenos,696,20
Três Lagoas,8155,104
Vicentina,425,11
