municipio,confirmados,mortes
TOTAL NO ESTADO,217457,4334
Importados/Indefinidos,0,0
Água Clara,1110,11
Alcinópolis,102,4
Amambai,1930,37
Anastácio,1552,48
Anaurilândia,234,7
Angélica,543,9
Antônio João,237,4
Aparecida do Taboado,1894,28
Aquidauana,3703,99
Aral Moreira,327,8
Bandeirantes,404,7
Bataguassu,1851,18
Batayporã,562,11
Bela Vista,548,15
Bodoquena,171,3
Bonito,1855,28
Brasilândia,417,10
Caarapó,2364,19
Camapuã,481,15
Campo Grande,85996,1891
Caracol,290,6
Cassilândia,2023,53
Chapadão do Sul,2765,29
Corguinho,170,2
Coronel Sapucaia,642,12
Corumbá,10975,304
Costa Rica,1734,34
Coxim,2037,43
Deodápolis,802,9
Dois Irmãos do Buriti,825,19
Douradina,367,5
Dourados,24250,323
Eldorado,907,24
Fátima do Sul,1625,37
Figueirão,83,3
Glória de Dourados,659,13
Guia Lopes da Laguna,550,16
Iguatemi,733,10
Inocência,478,7
Itaporã,1333,22
Itaquiraí,1107,16
Ivinhema,1805,25
Japorã,109,3
Jaraguari,158,3
Jardim,822,33
Jateí,313,1
Juti,411,5
Ladário,1943,47
Laguna Carapã,307,2
Maracaju,3404,43
Miranda,1916,57
Mundo Novo,1325,15
Naviraí,5678,130
Nioaque,701,15
Nova Alvorada do Sul,1283,16
Nova Andradina,1870,38
Novo Horizonte do Sul,254,5
Paraíso das Águas,247,6
Paranaíba,2271,55
Paranhos,369,5
Pedro Gomes,403,8
Ponta Porã,5305,118
Porto Murtinho,633,22
Ribas do Rio Pardo,909,13
Rio Brilhante,2574,33
Rio Negro,304,7
Rio Verde de Mato Grosso,1178,40
Rochedo,284,6
Santa Rita do Pardo,296,4
São Gabriel do Oeste,2258,33
Selvíria,199,3
Sete Quedas,409,8
Sidrolândia,4001,77
Sonora,921,11
Tacuru,630,10
Taquarussu,174,2
Terenos,752,24
Três Lagoas,9959,141
Vicentina,446,11
